Kod;Szin;Ar;Marka;Rendszam;Bekerules ideje
1;piros;20000000;AUDI;ABC-123;2021.12.08
2;kek;18450000;AUDI;ABB-566;2000.06.18
3;piros;5200000;BMW;AFG-346;2017.08.22
4;zold;14920000;BMW;SGD-673;2012.04.11
5;sarga;7430000;KIA   ;RGF-567;2009.05.31
6;fekete;8942000;KIA;DGJ-783;2019.06.04
7;szurke;17350000;VOLKSWAGEN;DFH-475;2014.12.10
8;feher;16750000;VOLKSWAGEN;SHD-567;2022.01.01
9;kek    ;10500000;AUDI;FFF-742;2016.07.22
10;zold;10000000;AUDI;KLE-826;2001.12.31
11;piros;12500000;BMW;LPA-849;2010.11.07
12;piros;9000000;BMW;HER-448;2020.06.03
13;kek  ;15000000;KIA;OJA-989;2015.02.02
14;zold;14500000;KIA;LLP-522;2011.11.11
15;zold;8750000;VOLKSWAGEN;SLK-131;2018.09.09
16;piros;13630000;VOLKSWAGEN;KLE-391;2007.06.05
